{
	"credit": "Made with Blockbench",
	"parent": "block/block",
	"textures": {
		"particle": "block/birch_leaves",
		"all": "block/birch_leaves"
	},
	"elements": [
		{
			"from": [0, 0, 0],
			"to": [16, 16, 16],
			"faces": {
				"north": {"uv": [0, 0, 16, 16], "texture": "#all", "cullface": "north", "tintindex": 0},
				"east": {"uv": [0, 0, 16, 16], "texture": "#all", "cullface": "east", "tintindex": 0},
				"south": {"uv": [0, 0, 16, 16], "texture": "#all", "cullface": "south", "tintindex": 0},
				"west": {"uv": [0, 0, 16, 16], "texture": "#all", "cullface": "west", "tintindex": 0},
				"up": {"uv": [0, 0, 16, 16], "texture": "#all", "cullface": "up", "tintindex": 0},
				"down": {"uv": [0, 0, 16, 16], "texture": "#all", "cullface": "down", "tintindex": 0}
			}
		},
		{
			"from": [0, 0, -1],
			"to": [16, 16, -1],
			"faces": {
				"north": {"uv": [0, 0, 16, 16], "rotation": 180, "texture": "#all", "cullface": "north", "tintindex": 0},
				"east": {"uv": [0, 0, 16, 16], "rotation": 180, "texture": "#all", "cullface": "west", "tintindex": 0},
				"south": {"uv": [0, 0, 16, 16], "rotation": 180, "texture": "#all", "cullface": "south", "tintindex": 0},
				"west": {"uv": [0, 0, 16, 16], "rotation": 180, "texture": "#all", "cullface": "east", "tintindex": 0},
				"up": {"uv": [0, 0, 16, 16], "rotation": 180, "texture": "#all", "cullface": "down", "tintindex": 0},
				"down": {"uv": [0, 0, 16, 16], "rotation": 180, "texture": "#all", "cullface": "up", "tintindex": 0}
			}
		},
		{
			"from": [-1, 0, 0],
			"to": [-1, 16, 16],
			"faces": {
				"north": {"uv": [0, 0, 16, 16], "rotation": 180, "texture": "#all", "cullface": "west", "tintindex": 0},
				"east": {"uv": [0, 0, 16, 16], "rotation": 180, "texture": "#all", "cullface": "south", "tintindex": 0},
				"south": {"uv": [0, 0, 16, 16], "rotation": 180, "texture": "#all", "cullface": "east", "tintindex": 0},
				"west": {"uv": [0, 0, 16, 16], "rotation": 180, "texture": "#all", "cullface": "north", "tintindex": 0},
				"up": {"uv": [0, 0, 16, 16], "rotation": 90, "texture": "#all", "cullface": "down", "tintindex": 0},
				"down": {"uv": [0, 0, 16, 16], "rotation": 270, "texture": "#all", "cullface": "up", "tintindex": 0}
			}
		},
		{
			"from": [0, 0, 17],
			"to": [16, 16, 17],
			"faces": {
				"north": {"uv": [0, 0, 16, 16], "rotation": 180, "texture": "#all", "cullface": "north", "tintindex": 0},
				"east": {"uv": [0, 0, 16, 16], "rotation": 180, "texture": "#all", "cullface": "west", "tintindex": 0},
				"south": {"uv": [0, 0, 16, 16], "rotation": 180, "texture": "#all", "cullface": "south", "tintindex": 0},
				"west": {"uv": [0, 0, 16, 16], "rotation": 180, "texture": "#all", "cullface": "east", "tintindex": 0},
				"up": {"uv": [0, 0, 16, 16], "rotation": 180, "texture": "#all", "cullface": "down", "tintindex": 0},
				"down": {"uv": [0, 0, 16, 16], "rotation": 180, "texture": "#all", "cullface": "up", "tintindex": 0}
			}
		},
		{
			"from": [17, 0, 0],
			"to": [17, 16, 16],
			"faces": {
				"north": {"uv": [0, 0, 16, 16], "rotation": 180, "texture": "#all", "cullface": "west", "tintindex": 0},
				"east": {"uv": [0, 0, 16, 16], "rotation": 180, "texture": "#all", "cullface": "south", "tintindex": 0},
				"south": {"uv": [0, 0, 16, 16], "rotation": 180, "texture": "#all", "cullface": "east", "tintindex": 0},
				"west": {"uv": [0, 0, 16, 16], "rotation": 180, "texture": "#all", "cullface": "north", "tintindex": 0},
				"up": {"uv": [0, 0, 16, 16], "rotation": 90, "texture": "#all", "cullface": "down", "tintindex": 0},
				"down": {"uv": [0, 0, 16, 16], "rotation": 270, "texture": "#all", "cullface": "up", "tintindex": 0}
			}
		}
	]
}