{
	"credit": "Beautiful.",
	"ambientocclusion": false,
	"textures": {
		"0": "block/cornflower",
		"1": "block/butterfly",
		"particle": "block/cornflower"
	},
	"elements": [
		{
			"from": [0.8, 0, 8],
			"to": [15.2, 16, 8],
			"shade": false,
			"rotation": {"angle": 45, "axis": "y", "origin": [8, 8, 8], "rescale": true},
			"faces": {
				"north": {"uv": [0, 0, 16, 16], "texture": "#0"},
				"east": {"uv": [0, 0, 0, 0], "texture": "#0"},
				"south": {"uv": [0, 0, 16, 16], "texture": "#0"},
				"west": {"uv": [0, 0, 0, 0], "texture": "#0"},
				"up": {"uv": [0, 0, 0, 0], "texture": "#0"},
				"down": {"uv": [0, 0, 0, 0], "texture": "#0"}
			}
		},
		{
			"from": [8, 0, 0.8],
			"to": [8, 16, 15.2],
			"shade": false,
			"rotation": {"angle": 45, "axis": "y", "origin": [8, 8, 8], "rescale": true},
			"faces": {
				"north": {"uv": [0, 0, 0, 0], "texture": "#0"},
				"east": {"uv": [0, 0, 16, 16], "texture": "#0"},
				"south": {"uv": [0, 0, 0, 0], "texture": "#0"},
				"west": {"uv": [0, 0, 16, 16], "texture": "#0"},
				"up": {"uv": [0, 0, 0, 0], "texture": "#0"},
				"down": {"uv": [0, 0, 0, 0], "texture": "#0"}
			}
		},
		{
			"from": [6, 9, 6],
			"to": [6, 12, 10],
			"rotation": {"angle": 0, "axis": "y", "origin": [7, 10.5, 7.5]},
			"faces": {
				"north": {"uv": [6, 4, 10, 7], "texture": "#0"},
				"east": {"uv": [6, 4, 10, 7], "texture": "#0"},
				"south": {"uv": [6, 4, 10, 7], "texture": "#0"},
				"west": {"uv": [6, 4, 10, 7], "texture": "#0"},
				"up": {"uv": [6, 4, 10, 7], "texture": "#0"},
				"down": {"uv": [6, 4, 10, 7], "texture": "#0"}
			}
		},
		{
			"from": [7, 11, 6],
			"to": [10, 11, 10],
			"rotation": {"angle": 0, "axis": "y", "origin": [8, 12.5, 7.5]},
			"faces": {
				"north": {"uv": [6, 4, 10, 7], "rotation": 90, "texture": "#0"},
				"east": {"uv": [6, 4, 10, 7], "rotation": 90, "texture": "#0"},
				"south": {"uv": [6, 4, 10, 7], "rotation": 90, "texture": "#0"},
				"west": {"uv": [6, 4, 10, 7], "rotation": 90, "texture": "#0"},
				"up": {"uv": [6, 4, 10, 7], "rotation": 90, "texture": "#0"},
				"down": {"uv": [6, 4, 10, 7], "rotation": 90, "texture": "#0"}
			}
		},
		{
			"from": [6, 9, 6],
			"to": [10, 9, 9],
			"rotation": {"angle": 0, "axis": "y", "origin": [8, 9, 8.5]},
			"faces": {
				"north": {"uv": [6, 4, 10, 7], "rotation": 90, "texture": "#0"},
				"east": {"uv": [6, 4, 10, 7], "rotation": 90, "texture": "#0"},
				"south": {"uv": [6, 4, 10, 7], "rotation": 90, "texture": "#0"},
				"west": {"uv": [6, 4, 10, 7], "rotation": 90, "texture": "#0"},
				"up": {"uv": [6, 4, 10, 7], "texture": "#0"},
				"down": {"uv": [6, 4, 10, 7], "rotation": 180, "texture": "#0"}
			}
		},
		{
			"from": [7, 10, 6],
			"to": [10, 10, 10],
			"rotation": {"angle": 0, "axis": "y", "origin": [8, 11.5, 7.5]},
			"faces": {
				"north": {"uv": [6, 4, 10, 7], "rotation": 90, "texture": "#0"},
				"east": {"uv": [6, 4, 10, 7], "rotation": 90, "texture": "#0"},
				"south": {"uv": [6, 4, 10, 7], "rotation": 90, "texture": "#0"},
				"west": {"uv": [6, 4, 10, 7], "rotation": 90, "texture": "#0"},
				"up": {"uv": [6, 4, 10, 7], "rotation": 90, "texture": "#0"},
				"down": {"uv": [6, 4, 10, 7], "rotation": 90, "texture": "#0"}
			}
		},
		{
			"from": [6, 11, 6],
			"to": [7, 11, 10],
			"rotation": {"angle": 0, "axis": "y", "origin": [5, 12.5, 7.5]},
			"faces": {
				"north": {"uv": [8, 3, 9, 7], "rotation": 180, "texture": "#0"},
				"east": {"uv": [8, 3, 9, 7], "rotation": 180, "texture": "#0"},
				"south": {"uv": [8, 3, 9, 7], "rotation": 180, "texture": "#0"},
				"west": {"uv": [8, 3, 9, 7], "rotation": 180, "texture": "#0"},
				"up": {"uv": [8, 3, 9, 7], "rotation": 180, "texture": "#0"},
				"down": {"uv": [8, 3, 9, 7], "rotation": 180, "texture": "#0"}
			}
		},
		{
			"from": [6, 9, 9],
			"to": [10, 9, 10],
			"rotation": {"angle": 0, "axis": "y", "origin": [8, 9, 8.5]},
			"faces": {
				"north": {"uv": [8, 3, 9, 7], "rotation": 180, "texture": "#0"},
				"east": {"uv": [8, 3, 9, 7], "rotation": 180, "texture": "#0"},
				"south": {"uv": [8, 3, 9, 7], "rotation": 180, "texture": "#0"},
				"west": {"uv": [8, 3, 9, 7], "rotation": 180, "texture": "#0"},
				"up": {"uv": [8, 3, 9, 7], "rotation": 90, "texture": "#0"},
				"down": {"uv": [8, 3, 9, 7], "rotation": 270, "texture": "#0"}
			}
		},
		{
			"from": [6, 9, 10],
			"to": [10, 12, 10],
			"rotation": {"angle": 0, "axis": "y", "origin": [8, 10.5, 9]},
			"faces": {
				"north": {"uv": [6, 4, 10, 7], "texture": "#0"},
				"east": {"uv": [6, 4, 10, 7], "texture": "#0"},
				"south": {"uv": [6, 4, 10, 7], "texture": "#0"},
				"west": {"uv": [6, 4, 10, 7], "texture": "#0"},
				"up": {"uv": [6, 4, 10, 7], "rotation": 270, "texture": "#0"},
				"down": {"uv": [6, 4, 10, 7], "rotation": 90, "texture": "#0"}
			}
		},
		{
			"from": [10, 9, 6],
			"to": [10, 12, 10],
			"rotation": {"angle": 0, "axis": "y", "origin": [9, 10.5, 7.5]},
			"faces": {
				"north": {"uv": [6, 4, 10, 7], "texture": "#0"},
				"east": {"uv": [6, 4, 10, 7], "texture": "#0"},
				"south": {"uv": [6, 4, 10, 7], "texture": "#0"},
				"west": {"uv": [6, 4, 10, 7], "texture": "#0"},
				"up": {"uv": [6, 4, 10, 7], "texture": "#0"},
				"down": {"uv": [6, 4, 10, 7], "texture": "#0"}
			}
		},
		{
			"from": [6, 9, 6],
			"to": [10, 12, 6],
			"rotation": {"angle": 0, "axis": "y", "origin": [8, 10.5, 7]},
			"faces": {
				"north": {"uv": [6, 4, 10, 7], "texture": "#0"},
				"east": {"uv": [6, 4, 10, 7], "texture": "#0"},
				"south": {"uv": [6, 4, 10, 7], "texture": "#0"},
				"west": {"uv": [6, 4, 10, 7], "texture": "#0"},
				"up": {"uv": [6, 4, 10, 7], "rotation": 270, "texture": "#0"},
				"down": {"uv": [6, 4, 10, 7], "rotation": 90, "texture": "#0"}
			}
		},
		{
			"from": [5.75, 12.1, 6.5],
			"to": [7.75, 12.1, 9.5],
			"rotation": {"angle": -45, "axis": "z", "origin": [8, 12.1, 8]},
			"faces": {
				"north": {"uv": [7, 5, 9, 8], "texture": "#1"},
				"east": {"uv": [7, 5, 9, 8], "texture": "#1"},
				"south": {"uv": [7, 5, 9, 8], "texture": "#1"},
				"west": {"uv": [7, 5, 9, 8], "texture": "#1"},
				"up": {"uv": [7, 5, 9, 8], "texture": "#1"},
				"down": {"uv": [7, 5, 9, 8], "texture": "#1"}
			}
		},
		{
			"from": [5.75, 12.1, 6.5],
			"to": [7.75, 12.1, 9.5],
			"rotation": {"angle": -22.5, "axis": "z", "origin": [8, 12.1, 8]},
			"faces": {
				"north": {"uv": [4, 5, 6, 8], "texture": "#1"},
				"east": {"uv": [4, 5, 6, 8], "texture": "#1"},
				"south": {"uv": [4, 5, 6, 8], "texture": "#1"},
				"west": {"uv": [4, 5, 6, 8], "texture": "#1"},
				"up": {"uv": [4, 5, 6, 8], "texture": "#1"},
				"down": {"uv": [4, 5, 6, 8], "texture": "#1"}
			}
		},
		{
			"from": [5.75, 12.1, 6.5],
			"to": [7.75, 12.1, 9.5],
			"rotation": {"angle": -22.5, "axis": "z", "origin": [8, 12.1, 8]},
			"faces": {
				"north": {"uv": [10, 5, 12, 8], "texture": "#1"},
				"east": {"uv": [10, 5, 12, 8], "texture": "#1"},
				"south": {"uv": [10, 5, 12, 8], "texture": "#1"},
				"west": {"uv": [10, 5, 12, 8], "texture": "#1"},
				"up": {"uv": [10, 5, 12, 8], "texture": "#1"},
				"down": {"uv": [10, 5, 12, 8], "texture": "#1"}
			}
		},
		{
			"from": [5.75, 12.1, 6.5],
			"to": [7.75, 12.1, 9.5],
			"rotation": {"angle": 0, "axis": "y", "origin": [13.75, 20.1, 15.5]},
			"faces": {
				"north": {"uv": [3, 5, 1, 8], "texture": "#1"},
				"east": {"uv": [3, 5, 1, 8], "texture": "#1"},
				"south": {"uv": [3, 5, 1, 8], "texture": "#1"},
				"west": {"uv": [3, 5, 1, 8], "texture": "#1"},
				"up": {"uv": [3, 5, 1, 8], "texture": "#1"},
				"down": {"uv": [3, 5, 1, 8], "texture": "#1"}
			}
		},
		{
			"from": [8.25, 12.1, 6.5],
			"to": [10.25, 12.1, 9.5],
			"rotation": {"angle": 45, "axis": "z", "origin": [8, 12.1, 8]},
			"faces": {
				"north": {"uv": [7, 5, 9, 8], "texture": "#1"},
				"east": {"uv": [7, 5, 9, 8], "texture": "#1"},
				"south": {"uv": [7, 5, 9, 8], "texture": "#1"},
				"west": {"uv": [7, 5, 9, 8], "texture": "#1"},
				"up": {"uv": [7, 5, 9, 8], "texture": "#1"},
				"down": {"uv": [7, 5, 9, 8], "texture": "#1"}
			}
		},
		{
			"from": [8.25, 12.1, 6.5],
			"to": [10.25, 12.1, 9.5],
			"rotation": {"angle": 22.5, "axis": "z", "origin": [8, 12.1, 8]},
			"faces": {
				"north": {"uv": [4, 5, 6, 8], "texture": "#1"},
				"east": {"uv": [4, 5, 6, 8], "texture": "#1"},
				"south": {"uv": [4, 5, 6, 8], "texture": "#1"},
				"west": {"uv": [4, 5, 6, 8], "texture": "#1"},
				"up": {"uv": [4, 5, 6, 8], "texture": "#1"},
				"down": {"uv": [4, 5, 6, 8], "texture": "#1"}
			}
		},
		{
			"from": [8.25, 12.1, 6.5],
			"to": [10.25, 12.1, 9.5],
			"rotation": {"angle": 22.5, "axis": "z", "origin": [8, 12.1, 8]},
			"faces": {
				"north": {"uv": [10, 5, 12, 8], "texture": "#1"},
				"east": {"uv": [10, 5, 12, 8], "texture": "#1"},
				"south": {"uv": [10, 5, 12, 8], "texture": "#1"},
				"west": {"uv": [10, 5, 12, 8], "texture": "#1"},
				"up": {"uv": [10, 5, 12, 8], "texture": "#1"},
				"down": {"uv": [10, 5, 12, 8], "texture": "#1"}
			}
		},
		{
			"from": [8.25, 12.1, 6.5],
			"to": [10.25, 12.1, 9.5],
			"rotation": {"angle": 0, "axis": "y", "origin": [16.25, 20.1, 15.5]},
			"faces": {
				"north": {"uv": [3, 5, 1, 8], "texture": "#1"},
				"east": {"uv": [3, 5, 1, 8], "texture": "#1"},
				"south": {"uv": [3, 5, 1, 8], "texture": "#1"},
				"west": {"uv": [3, 5, 1, 8], "texture": "#1"},
				"up": {"uv": [3, 5, 1, 8], "texture": "#1"},
				"down": {"uv": [3, 5, 1, 8], "texture": "#1"}
			}
		},
		{
			"from": [7.5, 12, 6],
			"to": [8.5, 12.25, 9.5],
			"rotation": {"angle": 0, "axis": "y", "origin": [15.75, 20.25, 15.5]},
			"faces": {
				"north": {"uv": [15, 1, 13, 4], "texture": "#1"},
				"east": {"uv": [15, 1, 13, 4], "texture": "#1"},
				"south": {"uv": [15, 1, 13, 4], "texture": "#1"},
				"west": {"uv": [15, 1, 13, 4], "texture": "#1"},
				"up": {"uv": [15, 1, 13, 4], "texture": "#1"},
				"down": {"uv": [15, 1, 13, 4], "texture": "#1"}
			}
		}
	],
	"groups": [0, 1, 2, 3, 4, 5, 6, 7, 8, 9, 10,
		{
			"name": "butterfly_purple",
			"origin": [8, 8, 8],
			"children": [
				{
					"name": "Purple",
					"origin": [5, 8, 17],
					"children": [11, 12, 13, 14, 15, 16, 17, 18, 19]
				}
			]
		}
	]
}