{
	"credit": "Made with Blockbench",
	"ambientocclusion": false,
	"textures": {
		"1": "block/butterfly",
		"particle": "block/dandelion",
		"cross": "block/dandelion"
	},
	"elements": [
		{
			"from": [6, 6, 8],
			"to": [11, 6, 12],
			"rotation": {"angle": 0, "axis": "y", "origin": [8.5, 6, 9.5]},
			"faces": {
				"north": {"uv": [0, 0, 5, 0], "texture": "#cross"},
				"east": {"uv": [0, 0, 5, 0], "texture": "#cross"},
				"south": {"uv": [0, 0, 5, 0], "texture": "#cross"},
				"west": {"uv": [0, 0, 5, 0], "texture": "#cross"},
				"up": {"uv": [5, 6, 10, 10], "rotation": 180, "texture": "#cross"},
				"down": {"uv": [0, 0, 5, 5], "rotation": 180, "texture": "#cross"}
			}
		},
		{
			"from": [0.8, 0, 8],
			"to": [15.2, 9, 8],
			"shade": false,
			"rotation": {"angle": 45, "axis": "y", "origin": [8, 8, 8], "rescale": true},
			"faces": {
				"north": {"uv": [0, 7, 16, 16], "texture": "#cross", "tintindex": 0},
				"south": {"uv": [0, 7, 16, 16], "texture": "#cross", "tintindex": 0}
			}
		},
		{
			"from": [8, 0, 0.8],
			"to": [8, 9, 15.2],
			"shade": false,
			"rotation": {"angle": 45, "axis": "y", "origin": [8, 8, 8], "rescale": true},
			"faces": {
				"north": {"uv": [0, 0, 0, 0], "texture": "#cross"},
				"east": {"uv": [0, 7, 16, 16], "texture": "#cross", "tintindex": 0},
				"south": {"uv": [0, 0, 0, 0], "texture": "#cross"},
				"west": {"uv": [0, 7, 16, 16], "texture": "#cross", "tintindex": 0},
				"up": {"uv": [0, 0, 0, 0], "texture": "#cross"},
				"down": {"uv": [0, 0, 0, 0], "texture": "#cross"}
			}
		},
		{
			"from": [5, 6, 4],
			"to": [10, 6, 8],
			"rotation": {"angle": 0, "axis": "y", "origin": [13, 14, 16]},
			"faces": {
				"north": {"uv": [0, 0, 5, 0], "texture": "#cross"},
				"east": {"uv": [0, 0, 5, 0], "texture": "#cross"},
				"south": {"uv": [0, 0, 5, 0], "texture": "#cross"},
				"west": {"uv": [0, 0, 5, 0], "texture": "#cross"},
				"up": {"uv": [5, 6, 10, 10], "texture": "#cross"},
				"down": {"uv": [0, 0, 5, 5], "texture": "#cross"}
			}
		},
		{
			"from": [5.75, 9.1, 6.5],
			"to": [7.75, 9.1, 9.5],
			"rotation": {"angle": -45, "axis": "z", "origin": [8, 9.1, 8]},
			"faces": {
				"north": {"uv": [7, 5, 9, 8], "texture": "#1"},
				"east": {"uv": [7, 5, 9, 8], "texture": "#1"},
				"south": {"uv": [7, 5, 9, 8], "texture": "#1"},
				"west": {"uv": [7, 5, 9, 8], "texture": "#1"},
				"up": {"uv": [7, 5, 9, 8], "texture": "#1"},
				"down": {"uv": [7, 5, 9, 8], "texture": "#1"}
			}
		},
		{
			"from": [5.75, 9.1, 6.5],
			"to": [7.75, 9.1, 9.5],
			"rotation": {"angle": -22.5, "axis": "z", "origin": [8, 9.1, 8]},
			"faces": {
				"north": {"uv": [4, 5, 6, 8], "texture": "#1"},
				"east": {"uv": [4, 5, 6, 8], "texture": "#1"},
				"south": {"uv": [4, 5, 6, 8], "texture": "#1"},
				"west": {"uv": [4, 5, 6, 8], "texture": "#1"},
				"up": {"uv": [4, 5, 6, 8], "texture": "#1"},
				"down": {"uv": [4, 5, 6, 8], "texture": "#1"}
			}
		},
		{
			"from": [5.75, 9.1, 6.5],
			"to": [7.75, 9.1, 9.5],
			"rotation": {"angle": -22.5, "axis": "z", "origin": [8, 9.1, 8]},
			"faces": {
				"north": {"uv": [10, 5, 12, 8], "texture": "#1"},
				"east": {"uv": [10, 5, 12, 8], "texture": "#1"},
				"south": {"uv": [10, 5, 12, 8], "texture": "#1"},
				"west": {"uv": [10, 5, 12, 8], "texture": "#1"},
				"up": {"uv": [10, 5, 12, 8], "texture": "#1"},
				"down": {"uv": [10, 5, 12, 8], "texture": "#1"}
			}
		},
		{
			"from": [5.75, 9.1, 6.5],
			"to": [7.75, 9.1, 9.5],
			"rotation": {"angle": 0, "axis": "y", "origin": [13.75, 17.1, 15.5]},
			"faces": {
				"north": {"uv": [3, 5, 1, 8], "texture": "#1"},
				"east": {"uv": [3, 5, 1, 8], "texture": "#1"},
				"south": {"uv": [3, 5, 1, 8], "texture": "#1"},
				"west": {"uv": [3, 5, 1, 8], "texture": "#1"},
				"up": {"uv": [3, 5, 1, 8], "texture": "#1"},
				"down": {"uv": [3, 5, 1, 8], "texture": "#1"}
			}
		},
		{
			"from": [8.25, 9.1, 6.5],
			"to": [10.25, 9.1, 9.5],
			"rotation": {"angle": 45, "axis": "z", "origin": [8, 9.1, 8]},
			"faces": {
				"north": {"uv": [7, 5, 9, 8], "texture": "#1"},
				"east": {"uv": [7, 5, 9, 8], "texture": "#1"},
				"south": {"uv": [7, 5, 9, 8], "texture": "#1"},
				"west": {"uv": [7, 5, 9, 8], "texture": "#1"},
				"up": {"uv": [7, 5, 9, 8], "texture": "#1"},
				"down": {"uv": [7, 5, 9, 8], "texture": "#1"}
			}
		},
		{
			"from": [8.25, 9.1, 6.5],
			"to": [10.25, 9.1, 9.5],
			"rotation": {"angle": 22.5, "axis": "z", "origin": [8, 9.1, 8]},
			"faces": {
				"north": {"uv": [4, 5, 6, 8], "texture": "#1"},
				"east": {"uv": [4, 5, 6, 8], "texture": "#1"},
				"south": {"uv": [4, 5, 6, 8], "texture": "#1"},
				"west": {"uv": [4, 5, 6, 8], "texture": "#1"},
				"up": {"uv": [4, 5, 6, 8], "texture": "#1"},
				"down": {"uv": [4, 5, 6, 8], "texture": "#1"}
			}
		},
		{
			"from": [8.25, 9.1, 6.5],
			"to": [10.25, 9.1, 9.5],
			"rotation": {"angle": 22.5, "axis": "z", "origin": [8, 9.1, 8]},
			"faces": {
				"north": {"uv": [10, 5, 12, 8], "texture": "#1"},
				"east": {"uv": [10, 5, 12, 8], "texture": "#1"},
				"south": {"uv": [10, 5, 12, 8], "texture": "#1"},
				"west": {"uv": [10, 5, 12, 8], "texture": "#1"},
				"up": {"uv": [10, 5, 12, 8], "texture": "#1"},
				"down": {"uv": [10, 5, 12, 8], "texture": "#1"}
			}
		},
		{
			"from": [8.25, 9.1, 6.5],
			"to": [10.25, 9.1, 9.5],
			"rotation": {"angle": 0, "axis": "y", "origin": [16.25, 17.1, 15.5]},
			"faces": {
				"north": {"uv": [3, 5, 1, 8], "texture": "#1"},
				"east": {"uv": [3, 5, 1, 8], "texture": "#1"},
				"south": {"uv": [3, 5, 1, 8], "texture": "#1"},
				"west": {"uv": [3, 5, 1, 8], "texture": "#1"},
				"up": {"uv": [3, 5, 1, 8], "texture": "#1"},
				"down": {"uv": [3, 5, 1, 8], "texture": "#1"}
			}
		},
		{
			"from": [7.5, 9, 6],
			"to": [8.5, 9.25, 9.5],
			"rotation": {"angle": 0, "axis": "y", "origin": [15.75, 17.25, 15.5]},
			"faces": {
				"north": {"uv": [15, 1, 13, 4], "texture": "#1"},
				"east": {"uv": [15, 1, 13, 4], "texture": "#1"},
				"south": {"uv": [15, 1, 13, 4], "texture": "#1"},
				"west": {"uv": [15, 1, 13, 4], "texture": "#1"},
				"up": {"uv": [15, 1, 13, 4], "texture": "#1"},
				"down": {"uv": [15, 1, 13, 4], "texture": "#1"}
			}
		}
	],
	"groups": [
		{
			"name": "group",
			"origin": [13, 14, 16],
			"children": [0, 1, 2, 3]
		},
		{
			"name": "butterfly_purple",
			"origin": [8, 8, 8],
			"children": [
				{
					"name": "Purple",
					"origin": [5, 8, 17],
					"children": [4, 5, 6, 7, 8, 9, 10, 11, 12]
				}
			]
		}
	]
}