{
	"credit": "Beautiful.",
	"ambientocclusion": false,
	"textures": {
		"particle": "block/dandelion",
		"cross": "block/dandelion"
	},
	"elements": [
		{
			"from": [6, 6, 8],
			"to": [11, 6, 12],
			"rotation": {"angle": 0, "axis": "y", "origin": [8.5, 6, 9.5]},
			"faces": {
				"north": {"uv": [0, 0, 5, 0], "texture": "#cross"},
				"east": {"uv": [0, 0, 5, 0], "texture": "#cross"},
				"south": {"uv": [0, 0, 5, 0], "texture": "#cross"},
				"west": {"uv": [0, 0, 5, 0], "texture": "#cross"},
				"up": {"uv": [5, 6, 10, 10], "rotation": 180, "texture": "#cross"},
				"down": {"uv": [0, 0, 5, 5], "rotation": 180, "texture": "#cross"}
			}
		},
		{
			"from": [0.8, 0, 8],
			"to": [15.2, 9, 8],
			"shade": false,
			"rotation": {"angle": 45, "axis": "y", "origin": [8, 8, 8], "rescale": true},
			"faces": {
				"north": {"uv": [0, 7, 16, 16], "texture": "#cross", "tintindex": 0},
				"south": {"uv": [0, 7, 16, 16], "texture": "#cross", "tintindex": 0}
			}
		},
		{
			"from": [8, 0, 0.8],
			"to": [8, 9, 15.2],
			"shade": false,
			"rotation": {"angle": 45, "axis": "y", "origin": [8, 8, 8], "rescale": true},
			"faces": {
				"north": {"uv": [0, 0, 0, 0], "texture": "#cross"},
				"east": {"uv": [0, 7, 16, 16], "texture": "#cross", "tintindex": 0},
				"south": {"uv": [0, 0, 0, 0], "texture": "#cross"},
				"west": {"uv": [0, 7, 16, 16], "texture": "#cross", "tintindex": 0},
				"up": {"uv": [0, 0, 0, 0], "texture": "#cross"},
				"down": {"uv": [0, 0, 0, 0], "texture": "#cross"}
			}
		},
		{
			"from": [5, 6, 4],
			"to": [10, 6, 8],
			"rotation": {"angle": 0, "axis": "y", "origin": [13, 14, 16]},
			"faces": {
				"north": {"uv": [0, 0, 5, 0], "texture": "#cross"},
				"east": {"uv": [0, 0, 5, 0], "texture": "#cross"},
				"south": {"uv": [0, 0, 5, 0], "texture": "#cross"},
				"west": {"uv": [0, 0, 5, 0], "texture": "#cross"},
				"up": {"uv": [5, 6, 10, 10], "texture": "#cross"},
				"down": {"uv": [0, 0, 5, 5], "texture": "#cross"}
			}
		}
	],
	"groups": [
		{
			"name": "group",
			"origin": [13, 14, 16],
			"children": [0, 1, 2, 3]
		}
	]
}