{
	"credit": "Made with Blockbench",
	"parent": "block/block",
	"textures": {
		"4": "block/grass_block_rocks",
		"5": "block/grass_block_ants",
		"particle": "block/dirt",
		"bottom": "block/dirt",
		"top": "block/grass_block_top",
		"side": "block/grass_block_side",
		"overlay": "block/grass_block_side_overlay"
	},
	"elements": [
		{
			"from": [0, 0, 0],
			"to": [16, 16, 16],
			"faces": {
				"north": {"uv": [0, 0, 16, 16], "texture": "#side", "cullface": "north"},
				"east": {"uv": [0, 0, 16, 16], "texture": "#side", "cullface": "east"},
				"south": {"uv": [0, 0, 16, 16], "texture": "#side", "cullface": "south"},
				"west": {"uv": [0, 0, 16, 16], "texture": "#side", "cullface": "west"},
				"up": {"uv": [0, 0, 16, 16], "texture": "#top", "cullface": "up", "tintindex": 0},
				"down": {"uv": [0, 0, 16, 16], "texture": "#bottom", "cullface": "down"}
			}
		},
		{
			"from": [0, 0, 0],
			"to": [16, 16, 16],
			"faces": {
				"north": {"uv": [0, 0, 16, 16], "texture": "#overlay", "cullface": "north", "tintindex": 0},
				"east": {"uv": [0, 0, 16, 16], "texture": "#overlay", "cullface": "east", "tintindex": 0},
				"south": {"uv": [0, 0, 16, 16], "texture": "#overlay", "cullface": "south", "tintindex": 0},
				"west": {"uv": [0, 0, 16, 16], "texture": "#overlay", "cullface": "west", "tintindex": 0}
			}
		},
		{
			"from": [12, 14.75, 13],
			"to": [14, 16.75, 15],
			"rotation": {"angle": -22.5, "axis": "y", "origin": [13, 15.5, 14]},
			"faces": {
				"north": {"uv": [1, 7, 3, 9], "texture": "#4"},
				"east": {"uv": [1, 7, 3, 9], "texture": "#4"},
				"south": {"uv": [1, 7, 3, 9], "texture": "#4"},
				"west": {"uv": [1, 7, 3, 9], "texture": "#4"},
				"up": {"uv": [1, 7, 3, 9], "rotation": 270, "texture": "#4"},
				"down": {"uv": [1, 7, 3, 9], "rotation": 90, "texture": "#4"}
			}
		},
		{
			"from": [5, 13.75, 11],
			"to": [8, 16.75, 14],
			"rotation": {"angle": -22.5, "axis": "y", "origin": [7, 14.5, 12]},
			"faces": {
				"north": {"uv": [1, 11, 4, 14], "texture": "#4"},
				"east": {"uv": [1, 11, 4, 14], "texture": "#4"},
				"south": {"uv": [1, 11, 4, 14], "texture": "#4"},
				"west": {"uv": [1, 11, 4, 14], "texture": "#4"},
				"up": {"uv": [1, 11, 4, 14], "rotation": 270, "texture": "#4"},
				"down": {"uv": [1, 11, 4, 14], "rotation": 90, "texture": "#4"}
			}
		},
		{
			"from": [5, 16, 3],
			"to": [12, 17, 10],
			"rotation": {"angle": 0, "axis": "y", "origin": [12, 24, 10]},
			"faces": {
				"north": {"uv": [0, 0, 7, 1], "texture": "#bottom"},
				"east": {"uv": [0, 0, 7, 1], "texture": "#bottom"},
				"south": {"uv": [0, 0, 7, 1], "texture": "#bottom"},
				"west": {"uv": [0, 0, 7, 1], "texture": "#bottom"},
				"up": {"uv": [0, 0, 7, 7], "texture": "#bottom"},
				"down": {"uv": [0, 0, 7, 7], "texture": "#bottom"}
			}
		},
		{
			"from": [6, 17, 4],
			"to": [11, 18, 9],
			"rotation": {"angle": 0, "axis": "y", "origin": [12, 25, 10]},
			"faces": {
				"north": {"uv": [0, 0, 5, 1], "texture": "#bottom"},
				"east": {"uv": [0, 0, 5, 1], "texture": "#bottom"},
				"south": {"uv": [0, 0, 5, 1], "texture": "#bottom"},
				"west": {"uv": [0, 0, 5, 1], "texture": "#bottom"},
				"up": {"uv": [0, 0, 5, 5], "texture": "#bottom"},
				"down": {"uv": [0, 0, 5, 5], "texture": "#bottom"}
			}
		},
		{
			"from": [4, 16.25, 2.5],
			"to": [4.5, 16.25, 3.5],
			"rotation": {"angle": -22.5, "axis": "y", "origin": [4.25, 16.25, 3]},
			"faces": {
				"north": {"uv": [10, 1, 11, 2], "rotation": 270, "texture": "#5"},
				"east": {"uv": [10, 1, 11, 2], "rotation": 270, "texture": "#5"},
				"south": {"uv": [10, 1, 11, 2], "rotation": 270, "texture": "#5"},
				"west": {"uv": [10, 1, 11, 2], "rotation": 270, "texture": "#5"},
				"up": {"uv": [10, 1, 11, 2], "rotation": 270, "texture": "#5"},
				"down": {"uv": [10, 1, 11, 2], "rotation": 270, "texture": "#5"}
			}
		},
		{
			"from": [4.5, 17, 4],
			"to": [5.5, 17, 4.5],
			"rotation": {"angle": 45, "axis": "z", "origin": [5, 17, 4.25]},
			"faces": {
				"north": {"uv": [1, 1, 2, 2], "texture": "#5"},
				"east": {"uv": [1, 1, 2, 2], "texture": "#5"},
				"south": {"uv": [1, 1, 2, 2], "texture": "#5"},
				"west": {"uv": [1, 1, 2, 2], "texture": "#5"},
				"up": {"uv": [1, 1, 2, 2], "texture": "#5"},
				"down": {"uv": [1, 1, 2, 2], "texture": "#5"}
			}
		},
		{
			"from": [5.5, 18, 4],
			"to": [6.5, 18, 4.5],
			"rotation": {"angle": 45, "axis": "z", "origin": [6, 18, 4.25]},
			"faces": {
				"north": {"uv": [1, 1, 2, 2], "texture": "#5"},
				"east": {"uv": [1, 1, 2, 2], "texture": "#5"},
				"south": {"uv": [1, 1, 2, 2], "texture": "#5"},
				"west": {"uv": [1, 1, 2, 2], "texture": "#5"},
				"up": {"uv": [4, 1, 5, 2], "texture": "#5"},
				"down": {"uv": [1, 1, 2, 2], "texture": "#5"}
			}
		},
		{
			"from": [6.75, 18.25, 4.75],
			"to": [7.75, 18.25, 5.25],
			"rotation": {"angle": -22.5, "axis": "y", "origin": [7.25, 18.25, 5]},
			"faces": {
				"north": {"uv": [7, 1, 8, 2], "texture": "#5"},
				"east": {"uv": [7, 1, 8, 2], "texture": "#5"},
				"south": {"uv": [7, 1, 8, 2], "texture": "#5"},
				"west": {"uv": [7, 1, 8, 2], "texture": "#5"},
				"up": {"uv": [7, 1, 8, 2], "texture": "#5"},
				"down": {"uv": [7, 1, 8, 2], "texture": "#5"}
			}
		},
		{
			"from": [8.75, 18.25, 6.75],
			"to": [9.75, 18.25, 7.25],
			"rotation": {"angle": 22.5, "axis": "y", "origin": [9.25, 18.25, 7]},
			"faces": {
				"north": {"uv": [10, 1, 11, 2], "rotation": 180, "texture": "#5"},
				"east": {"uv": [10, 1, 11, 2], "rotation": 180, "texture": "#5"},
				"south": {"uv": [10, 1, 11, 2], "rotation": 180, "texture": "#5"},
				"west": {"uv": [10, 1, 11, 2], "rotation": 180, "texture": "#5"},
				"up": {"uv": [10, 1, 11, 2], "rotation": 180, "texture": "#5"},
				"down": {"uv": [10, 1, 11, 2], "rotation": 180, "texture": "#5"}
			}
		},
		{
			"from": [10, 18.25, 5.5],
			"to": [10.5, 18.25, 6.5],
			"rotation": {"angle": -22.5, "axis": "y", "origin": [10.25, 18.25, 6]},
			"faces": {
				"north": {"uv": [1, 1, 2, 2], "rotation": 90, "texture": "#5"},
				"east": {"uv": [1, 1, 2, 2], "rotation": 90, "texture": "#5"},
				"south": {"uv": [1, 1, 2, 2], "rotation": 90, "texture": "#5"},
				"west": {"uv": [1, 1, 2, 2], "rotation": 90, "texture": "#5"},
				"up": {"uv": [1, 1, 2, 2], "rotation": 90, "texture": "#5"},
				"down": {"uv": [1, 1, 2, 2], "rotation": 90, "texture": "#5"}
			}
		},
		{
			"from": [11, 17.25, 4.5],
			"to": [11.5, 17.25, 5.5],
			"rotation": {"angle": -22.5, "axis": "y", "origin": [11.25, 17.25, 5]},
			"faces": {
				"north": {"uv": [4, 1, 5, 2], "rotation": 90, "texture": "#5"},
				"east": {"uv": [4, 1, 5, 2], "rotation": 90, "texture": "#5"},
				"south": {"uv": [4, 1, 5, 2], "rotation": 90, "texture": "#5"},
				"west": {"uv": [4, 1, 5, 2], "rotation": 90, "texture": "#5"},
				"up": {"uv": [4, 1, 5, 2], "rotation": 90, "texture": "#5"},
				"down": {"uv": [4, 1, 5, 2], "rotation": 90, "texture": "#5"}
			}
		},
		{
			"from": [12, 17.25, 2.5],
			"to": [12.5, 17.25, 3.5],
			"rotation": {"angle": -22.5, "axis": "y", "origin": [12.25, 17.25, 3]},
			"faces": {
				"north": {"uv": [7, 1, 8, 2], "rotation": 90, "texture": "#5"},
				"east": {"uv": [7, 1, 8, 2], "rotation": 90, "texture": "#5"},
				"south": {"uv": [7, 1, 8, 2], "rotation": 90, "texture": "#5"},
				"west": {"uv": [7, 1, 8, 2], "rotation": 90, "texture": "#5"},
				"up": {"uv": [7, 1, 8, 2], "rotation": 90, "texture": "#5"},
				"down": {"uv": [7, 1, 8, 2], "rotation": 90, "texture": "#5"}
			}
		},
		{
			"from": [11.75, 16.25, 1.75],
			"to": [12.75, 16.25, 2.25],
			"rotation": {"angle": -22.5, "axis": "y", "origin": [12.25, 16.25, 2]},
			"faces": {
				"north": {"uv": [10, 1, 11, 2], "texture": "#5"},
				"east": {"uv": [10, 1, 11, 2], "texture": "#5"},
				"south": {"uv": [10, 1, 11, 2], "texture": "#5"},
				"west": {"uv": [10, 1, 11, 2], "texture": "#5"},
				"up": {"uv": [10, 1, 11, 2], "texture": "#5"},
				"down": {"uv": [10, 1, 11, 2], "texture": "#5"}
			}
		},
		{
			"from": [9.75, 16.25, 1.75],
			"to": [10.75, 16.25, 2.25],
			"rotation": {"angle": 22.5, "axis": "y", "origin": [10.25, 16.25, 2]},
			"faces": {
				"north": {"uv": [2, 1, 3, 2], "texture": "#5"},
				"east": {"uv": [2, 1, 3, 2], "texture": "#5"},
				"south": {"uv": [2, 1, 3, 2], "texture": "#5"},
				"west": {"uv": [2, 1, 3, 2], "texture": "#5"},
				"up": {"uv": [2, 1, 3, 2], "texture": "#5"},
				"down": {"uv": [2, 1, 3, 2], "texture": "#5"}
			}
		},
		{
			"from": [9.75, 16.25, 1.75],
			"to": [10.75, 16.25, 2.25],
			"rotation": {"angle": 22.5, "axis": "y", "origin": [10.25, 16.25, 2]},
			"faces": {
				"north": {"uv": [2, 1, 3, 2], "texture": "#5"},
				"east": {"uv": [2, 1, 3, 2], "texture": "#5"},
				"south": {"uv": [2, 1, 3, 2], "texture": "#5"},
				"west": {"uv": [2, 1, 3, 2], "texture": "#5"},
				"up": {"uv": [2, 1, 3, 2], "texture": "#5"},
				"down": {"uv": [2, 1, 3, 2], "texture": "#5"}
			}
		},
		{
			"from": [7.75, 16.25, 1.75],
			"to": [8.75, 16.25, 2.25],
			"rotation": {"angle": -22.5, "axis": "y", "origin": [8.25, 16.25, 2]},
			"faces": {
				"north": {"uv": [5, 2, 6, 3], "texture": "#5"},
				"east": {"uv": [5, 2, 6, 3], "texture": "#5"},
				"south": {"uv": [5, 2, 6, 3], "texture": "#5"},
				"west": {"uv": [5, 2, 6, 3], "texture": "#5"},
				"up": {"uv": [5, 2, 6, 3], "texture": "#5"},
				"down": {"uv": [5, 2, 6, 3], "texture": "#5"}
			}
		},
		{
			"from": [5.75, 16.25, 1.75],
			"to": [6.75, 16.25, 2.25],
			"rotation": {"angle": 0, "axis": "y", "origin": [6.25, 16.25, 2]},
			"faces": {
				"north": {"uv": [7, 1, 8, 2], "texture": "#5"},
				"east": {"uv": [7, 1, 8, 2], "texture": "#5"},
				"south": {"uv": [7, 1, 8, 2], "texture": "#5"},
				"west": {"uv": [7, 1, 8, 2], "texture": "#5"},
				"up": {"uv": [7, 1, 8, 2], "texture": "#5"},
				"down": {"uv": [7, 1, 8, 2], "texture": "#5"}
			}
		},
		{
			"from": [4, 16.25, 9.5],
			"to": [4.5, 16.25, 10.5],
			"rotation": {"angle": 0, "axis": "y", "origin": [4.25, 16.25, 10]},
			"faces": {
				"north": {"uv": [10, 1, 11, 2], "rotation": 270, "texture": "#5"},
				"east": {"uv": [10, 1, 11, 2], "rotation": 270, "texture": "#5"},
				"south": {"uv": [10, 1, 11, 2], "rotation": 270, "texture": "#5"},
				"west": {"uv": [10, 1, 11, 2], "rotation": 270, "texture": "#5"},
				"up": {"uv": [10, 1, 11, 2], "rotation": 270, "texture": "#5"},
				"down": {"uv": [10, 1, 11, 2], "rotation": 270, "texture": "#5"}
			}
		},
		{
			"from": [4.25, 16.75, 8.75],
			"to": [5.25, 16.75, 9.25],
			"rotation": {"angle": 45, "axis": "z", "origin": [4.75, 16.75, 9]},
			"faces": {
				"north": {"uv": [1, 1, 2, 2], "texture": "#5"},
				"east": {"uv": [1, 1, 2, 2], "texture": "#5"},
				"south": {"uv": [1, 1, 2, 2], "texture": "#5"},
				"west": {"uv": [1, 1, 2, 2], "texture": "#5"},
				"up": {"uv": [1, 1, 2, 2], "texture": "#5"},
				"down": {"uv": [1, 1, 2, 2], "texture": "#5"}
			}
		},
		{
			"from": [5.25, 17.75, 8],
			"to": [6.25, 17.75, 8.5],
			"rotation": {"angle": 45, "axis": "z", "origin": [5.75, 17.75, 8.25]},
			"faces": {
				"north": {"uv": [1, 1, 2, 2], "texture": "#5"},
				"east": {"uv": [1, 1, 2, 2], "texture": "#5"},
				"south": {"uv": [1, 1, 2, 2], "texture": "#5"},
				"west": {"uv": [1, 1, 2, 2], "texture": "#5"},
				"up": {"uv": [4, 1, 5, 2], "texture": "#5"},
				"down": {"uv": [1, 1, 2, 2], "texture": "#5"}
			}
		},
		{
			"from": [6.75, 18.25, 7.75],
			"to": [7.75, 18.25, 8.25],
			"rotation": {"angle": -22.5, "axis": "y", "origin": [7.25, 18.25, 8]},
			"faces": {
				"north": {"uv": [7, 1, 8, 2], "texture": "#5"},
				"east": {"uv": [7, 1, 8, 2], "texture": "#5"},
				"south": {"uv": [7, 1, 8, 2], "texture": "#5"},
				"west": {"uv": [7, 1, 8, 2], "texture": "#5"},
				"up": {"uv": [7, 1, 8, 2], "texture": "#5"},
				"down": {"uv": [7, 1, 8, 2], "texture": "#5"}
			}
		},
		{
			"from": [8.75, 18.25, 7.75],
			"to": [9.75, 18.25, 8.25],
			"rotation": {"angle": 22.5, "axis": "y", "origin": [9.25, 18.25, 8]},
			"faces": {
				"north": {"uv": [10, 1, 11, 2], "rotation": 180, "texture": "#5"},
				"east": {"uv": [10, 1, 11, 2], "rotation": 180, "texture": "#5"},
				"south": {"uv": [10, 1, 11, 2], "rotation": 180, "texture": "#5"},
				"west": {"uv": [10, 1, 11, 2], "rotation": 180, "texture": "#5"},
				"up": {"uv": [10, 1, 11, 2], "rotation": 180, "texture": "#5"},
				"down": {"uv": [10, 1, 11, 2], "rotation": 180, "texture": "#5"}
			}
		},
		{
			"from": [10, 18.25, 8.5],
			"to": [10.5, 18.25, 9.5],
			"rotation": {"angle": 22.5, "axis": "y", "origin": [10.25, 18.25, 9]},
			"faces": {
				"north": {"uv": [1, 1, 2, 2], "rotation": 90, "texture": "#5"},
				"east": {"uv": [1, 1, 2, 2], "rotation": 90, "texture": "#5"},
				"south": {"uv": [1, 1, 2, 2], "rotation": 90, "texture": "#5"},
				"west": {"uv": [1, 1, 2, 2], "rotation": 90, "texture": "#5"},
				"up": {"uv": [1, 1, 2, 2], "rotation": 90, "texture": "#5"},
				"down": {"uv": [1, 1, 2, 2], "rotation": 90, "texture": "#5"}
			}
		},
		{
			"from": [11.75, 17.25, 9.25],
			"to": [12.75, 17.25, 9.75],
			"rotation": {"angle": 0, "axis": "y", "origin": [12.25, 17.25, 9.5]},
			"faces": {
				"north": {"uv": [4, 1, 5, 2], "rotation": 90, "texture": "#5"},
				"east": {"uv": [4, 1, 5, 2], "rotation": 90, "texture": "#5"},
				"south": {"uv": [4, 1, 5, 2], "rotation": 90, "texture": "#5"},
				"west": {"uv": [4, 1, 5, 2], "rotation": 90, "texture": "#5"},
				"up": {"uv": [4, 1, 5, 2], "rotation": 180, "texture": "#5"},
				"down": {"uv": [4, 1, 5, 2], "texture": "#5"}
			}
		},
		{
			"from": [13, 17.25, 10.25],
			"to": [13.5, 17.25, 11.25],
			"rotation": {"angle": 0, "axis": "y", "origin": [13.25, 17.25, 10.75]},
			"faces": {
				"north": {"uv": [7, 1, 8, 2], "rotation": 90, "texture": "#5"},
				"east": {"uv": [7, 1, 8, 2], "rotation": 90, "texture": "#5"},
				"south": {"uv": [7, 1, 8, 2], "rotation": 90, "texture": "#5"},
				"west": {"uv": [7, 1, 8, 2], "rotation": 90, "texture": "#5"},
				"up": {"uv": [7, 1, 8, 2], "rotation": 270, "texture": "#5"},
				"down": {"uv": [7, 1, 8, 2], "rotation": 270, "texture": "#5"}
			}
		},
		{
			"from": [11.75, 16.25, 10.75],
			"to": [12.75, 16.25, 11.25],
			"rotation": {"angle": -22.5, "axis": "y", "origin": [12.25, 16.25, 11]},
			"faces": {
				"north": {"uv": [10, 1, 11, 2], "texture": "#5"},
				"east": {"uv": [10, 1, 11, 2], "texture": "#5"},
				"south": {"uv": [10, 1, 11, 2], "texture": "#5"},
				"west": {"uv": [10, 1, 11, 2], "texture": "#5"},
				"up": {"uv": [10, 1, 11, 2], "texture": "#5"},
				"down": {"uv": [10, 1, 11, 2], "texture": "#5"}
			}
		},
		{
			"from": [9.75, 16.25, 10.75],
			"to": [10.75, 16.25, 11.25],
			"rotation": {"angle": 22.5, "axis": "y", "origin": [10.25, 16.25, 11]},
			"faces": {
				"north": {"uv": [2, 1, 3, 2], "texture": "#5"},
				"east": {"uv": [2, 1, 3, 2], "texture": "#5"},
				"south": {"uv": [2, 1, 3, 2], "texture": "#5"},
				"west": {"uv": [2, 1, 3, 2], "texture": "#5"},
				"up": {"uv": [2, 1, 3, 2], "texture": "#5"},
				"down": {"uv": [2, 1, 3, 2], "texture": "#5"}
			}
		},
		{
			"from": [9.75, 16.25, 10.75],
			"to": [10.75, 16.25, 11.25],
			"rotation": {"angle": 22.5, "axis": "y", "origin": [10.25, 16.25, 11]},
			"faces": {
				"north": {"uv": [2, 1, 3, 2], "texture": "#5"},
				"east": {"uv": [2, 1, 3, 2], "texture": "#5"},
				"south": {"uv": [2, 1, 3, 2], "texture": "#5"},
				"west": {"uv": [2, 1, 3, 2], "texture": "#5"},
				"up": {"uv": [2, 1, 3, 2], "texture": "#5"},
				"down": {"uv": [2, 1, 3, 2], "texture": "#5"}
			}
		},
		{
			"from": [7.75, 16.25, 10.75],
			"to": [8.75, 16.25, 11.25],
			"rotation": {"angle": -22.5, "axis": "y", "origin": [8.25, 16.25, 11]},
			"faces": {
				"north": {"uv": [5, 2, 6, 3], "texture": "#5"},
				"east": {"uv": [5, 2, 6, 3], "texture": "#5"},
				"south": {"uv": [5, 2, 6, 3], "texture": "#5"},
				"west": {"uv": [5, 2, 6, 3], "texture": "#5"},
				"up": {"uv": [5, 2, 6, 3], "texture": "#5"},
				"down": {"uv": [5, 2, 6, 3], "texture": "#5"}
			}
		},
		{
			"from": [5.5, 16.25, 10],
			"to": [6.5, 16.25, 10.5],
			"rotation": {"angle": 0, "axis": "y", "origin": [6, 16.25, 10.25]},
			"faces": {
				"north": {"uv": [7, 1, 8, 2], "texture": "#5"},
				"east": {"uv": [7, 1, 8, 2], "texture": "#5"},
				"south": {"uv": [7, 1, 8, 2], "texture": "#5"},
				"west": {"uv": [7, 1, 8, 2], "texture": "#5"},
				"up": {"uv": [7, 1, 8, 2], "texture": "#5"},
				"down": {"uv": [7, 1, 8, 2], "texture": "#5"}
			}
		}
	],
	"groups": [0, 1, 2, 3, 4, 5,
		{
			"name": "ant",
			"origin": [6.25, 16.25, 2],
			"children": [6, 7, 8, 9, 10, 11, 12, 13, 14, 15, 16, 17, 18]
		},
		{
			"name": "ant",
			"origin": [6.25, 16.25, 2],
			"children": [19, 20, 21, 22, 23, 24, 25, 26, 27, 28, 29, 30, 31]
		}
	]
}