{
	"credit": "Made with Blockbench",
	"parent": "block/block",
	"textures": {
		"4": "block/grass_block_rocks",
		"particle": "block/dirt",
		"bottom": "block/dirt",
		"top": "block/grass_block_top",
		"side": "block/grass_block_side",
		"overlay": "block/grass_block_side_overlay"
	},
	"elements": [
		{
			"from": [0, 0, 0],
			"to": [16, 16, 16],
			"faces": {
				"north": {"uv": [0, 0, 16, 16], "texture": "#side", "cullface": "north"},
				"east": {"uv": [0, 0, 16, 16], "texture": "#side", "cullface": "east"},
				"south": {"uv": [0, 0, 16, 16], "texture": "#side", "cullface": "south"},
				"west": {"uv": [0, 0, 16, 16], "texture": "#side", "cullface": "west"},
				"up": {"uv": [0, 0, 16, 16], "texture": "#top", "cullface": "up", "tintindex": 0},
				"down": {"uv": [0, 0, 16, 16], "texture": "#bottom", "cullface": "down"}
			}
		},
		{
			"from": [0, 0, 0],
			"to": [16, 16, 16],
			"faces": {
				"north": {"uv": [0, 0, 16, 16], "texture": "#overlay", "cullface": "north", "tintindex": 0},
				"east": {"uv": [0, 0, 16, 16], "texture": "#overlay", "cullface": "east", "tintindex": 0},
				"south": {"uv": [0, 0, 16, 16], "texture": "#overlay", "cullface": "south", "tintindex": 0},
				"west": {"uv": [0, 0, 16, 16], "texture": "#overlay", "cullface": "west", "tintindex": 0}
			}
		},
		{
			"from": [2, 15.75, 3],
			"to": [4, 17.75, 5],
			"rotation": {"angle": 22.5, "axis": "y", "origin": [3, 16.5, 4]},
			"faces": {
				"north": {"uv": [1, 7, 3, 9], "texture": "#4"},
				"east": {"uv": [1, 7, 3, 9], "texture": "#4"},
				"south": {"uv": [1, 7, 3, 9], "texture": "#4"},
				"west": {"uv": [1, 7, 3, 9], "texture": "#4"},
				"up": {"uv": [1, 7, 3, 9], "texture": "#4"},
				"down": {"uv": [1, 7, 3, 9], "texture": "#4"}
			}
		},
		{
			"from": [2, 14.75, 6],
			"to": [4, 16.75, 8],
			"rotation": {"angle": 45, "axis": "y", "origin": [3, 15.5, 7]},
			"faces": {
				"north": {"uv": [1, 7, 3, 9], "texture": "#4"},
				"east": {"uv": [1, 7, 3, 9], "texture": "#4"},
				"south": {"uv": [1, 7, 3, 9], "texture": "#4"},
				"west": {"uv": [1, 7, 3, 9], "texture": "#4"},
				"up": {"uv": [1, 7, 3, 9], "rotation": 270, "texture": "#4"},
				"down": {"uv": [1, 7, 3, 9], "rotation": 90, "texture": "#4"}
			}
		}
	]
}